Title,Company,Location,Apply
Developpeur JAVA,Devoteam Tunisie,"Tunis, Tunis, Tunisia",https://tn.linkedin.com/jobs/view/d%C3%A9veloppeur-java-at-devoteam-tunisie-3823000839?position=1&pageNum=1&refId=4IBU3%2Bj7nShBt1X9osDm%2BA%3D%3D&trackingId=AmSzTcdMlPtk3rpKev1gPw%3D%3D&trk=public_jobs_jserp-result_search-card
Full Stack Engineer,PENTABELL,"Tunis, Tunisia",https://tn.linkedin.com/jobs/view/full-stack-engineer-at-pentabell-3881367218?position=2&pageNum=1&refId=4IBU3%2Bj7nShBt1X9osDm%2BA%3D%3D&trackingId=opGWGNrwF1q2yAv%2FBKivbQ%3D%3D&trk=public_jobs_jserp-result_search-card
Developpeur Fullstack Angular/Java,Amaris Consulting,"Tunis, Tunis, Tunisia",https://tn.linkedin.com/jobs/view/d%C3%A9veloppeur-fullstack-angular-java-at-amaris-consulting-3903085910?position=3&pageNum=1&refId=4IBU3%2Bj7nShBt1X9osDm%2BA%3D%3D&trackingId=wLA2LEK%2BqvCiMdhQjpOmLg%3D%3D&trk=public_jobs_jserp-result_search-card
Software Engineer I,FIS,"Ariana, Tunisia",https://tn.linkedin.com/jobs/view/software-engineer-i-at-fis-3871610635?position=4&pageNum=1&refId=4IBU3%2Bj7nShBt1X9osDm%2BA%3D%3D&trackingId=uPaNHllEdiLKmSERKDkfXg%3D%3D&trk=public_jobs_jserp-result_search-card
Developpeur Fullstack Node.js/Vue.js,Devoteam Tunisie,"Tunis, Tunis, Tunisia",https://tn.linkedin.com/jobs/view/d%C3%A9veloppeur-fullstack-node-js-vue-js-at-devoteam-tunisie-3865208549?position=5&pageNum=1&refId=4IBU3%2Bj7nShBt1X9osDm%2BA%3D%3D&trackingId=PStjdAgU4d%2F1yZruNVrM0Q%3D%3D&trk=public_jobs_jserp-result_search-card
Poste #19 : Developpeur DotNet /.net,PixiMind,"Sfax, Sfax, Tunisia",https://tn.linkedin.com/jobs/view/poste-%2319-d%C3%A9veloppeur-dotnet-net-at-piximind-3889186537?position=6&pageNum=1&refId=4IBU3%2Bj7nShBt1X9osDm%2BA%3D%3D&trackingId=ZuM6O66Uxb7ErNq65iALow%3D%3D&trk=public_jobs_jserp-result_search-card
.NET Developer H/F,EY,"Tunis, Tunisia",https://tn.linkedin.com/jobs/view/net-developer-h-f-at-ey-3904581139?position=7&pageNum=1&refId=4IBU3%2Bj7nShBt1X9osDm%2BA%3D%3D&trackingId=EbbtDuLTqDTxp2ktm9WeAQ%3D%3D&trk=public_jobs_jserp-result_search-card
Software Engineer I,Jobs for Humanity,"Ariana, Ariana, Tunisia",https://tn.linkedin.com/jobs/view/software-engineer-i-at-jobs-for-humanity-3884600550?position=8&pageNum=1&refId=4IBU3%2Bj7nShBt1X9osDm%2BA%3D%3D&trackingId=BaN1RtMKgKVPlDEboEtssA%3D%3D&trk=public_jobs_jserp-result_search-card
Developpeurs Full-stack Java / Javascript (F/H),1Spatial FR,"Tunis, Tunis, Tunisia",https://tn.linkedin.com/jobs/view/d%C3%A9veloppeurs-full-stack-java-javascript-f-h-at-1spatial-fr-3759280418?position=9&pageNum=1&refId=4IBU3%2Bj7nShBt1X9osDm%2BA%3D%3D&trackingId=RYbTP4l2TjkjKM9FZoqA%2BQ%3D%3D&trk=public_jobs_jserp-result_search-card
Software Test Engineer,Capgemini Engineering,"Tunis, Tunisia",https://tn.linkedin.com/jobs/view/software-test-engineer-at-capgemini-engineering-3868418054?position=10&pageNum=1&refId=4IBU3%2Bj7nShBt1X9osDm%2BA%3D%3D&trackingId=XAVhYRFrNhkU2iCuC8grrA%3D%3D&trk=public_jobs_jserp-result_search-card
Poste #5 : Developpeur Full-Stack Web (PHP),PixiMind,"Sfax, Sfax, Tunisia",https://tn.linkedin.com/jobs/view/poste-%235-d%C3%A9veloppeur-full-stack-web-php-at-piximind-3889183728?position=1&pageNum=3&refId=SDd0mg9Mawp5BHWPV9uiWA%3D%3D&trackingId=Gy%2FPgdai7TpwmvP3uUf%2BvQ%3D%3D&trk=public_jobs_jserp-result_search-card
Software Engineer (French Speaking),Distributed,Tunisia,https://tn.linkedin.com/jobs/view/software-engineer-french-speaking-at-distributed-3886945207?position=2&pageNum=3&refId=SDd0mg9Mawp5BHWPV9uiWA%3D%3D&trackingId=WUPYXV0xbequfZZfasjn1Q%3D%3D&trk=public_jobs_jserp-result_search-card
Developpeur Full Stack Angular/.NET,TechNet World,"Ben Arous, Ben Arous, Tunisia",https://tn.linkedin.com/jobs/view/d%C3%A9veloppeur-full-stack-angular-net-at-technet-world-3904522654?position=3&pageNum=3&refId=SDd0mg9Mawp5BHWPV9uiWA%3D%3D&trackingId=x29H8QhU5YkPNfASHc24sw%3D%3D&trk=public_jobs_jserp-result_search-card
Machine Learning Engineer,InstaDeep,"Tunis, Tunis, Tunisia",https://tn.linkedin.com/jobs/view/machine-learning-engineer-at-instadeep-3745031654?position=4&pageNum=3&refId=SDd0mg9Mawp5BHWPV9uiWA%3D%3D&trackingId=CBZ83jxK99RxlgTT5Gi2fw%3D%3D&trk=public_jobs_jserp-result_search-card
Developpeur Fullstack Angular/Java,Amaris Consulting,"Tunis, Tunisia",https://tn.linkedin.com/jobs/view/d%C3%A9veloppeur-fullstack-angular-java-at-amaris-consulting-3903069276?position=5&pageNum=3&refId=SDd0mg9Mawp5BHWPV9uiWA%3D%3D&trackingId=JiYaELbxeVQuawSRqrzB%2BA%3D%3D&trk=public_jobs_jserp-result_search-card
Front-end Developer Senior,Infor,"Tunis, Tunisia",https://tn.linkedin.com/jobs/view/front-end-developer-senior-at-infor-3855417638?position=6&pageNum=3&refId=SDd0mg9Mawp5BHWPV9uiWA%3D%3D&trackingId=HoDKlGNKO0Vj2K9JZ8FzwA%3D%3D&trk=public_jobs_jserp-result_search-card
Senior Fullstack Developer NodeJs / ReactJs - Remote,Pragmatike,"Tunis, Tunisia",https://tn.linkedin.com/jobs/view/senior-fullstack-developer-nodejs-reactjs-remote-at-pragmatike-3864880989?position=7&pageNum=3&refId=SDd0mg9Mawp5BHWPV9uiWA%3D%3D&trackingId=MTit2jIrK9wa204UPNSr3A%3D%3D&trk=public_jobs_jserp-result_search-card
Java Software R&D Engineer,Vneuron Risk & Compliance,"Tunis, Tunisia",https://tn.linkedin.com/jobs/view/java-software-r-d-engineer-at-vneuron-risk-compliance-3818420937?position=8&pageNum=3&refId=SDd0mg9Mawp5BHWPV9uiWA%3D%3D&trackingId=3aPYdy4GGu9cys9yPfjnUw%3D%3D&trk=public_jobs_jserp-result_search-card
Internet Programmer,Affigen SARL,"Gammarth, Tunis, Tunisia",https://tn.linkedin.com/jobs/view/internet-programmer-at-affigen-sarl-3784581923?position=9&pageNum=3&refId=SDd0mg9Mawp5BHWPV9uiWA%3D%3D&trackingId=vMQ9AQuALfRQdtvaKB43RQ%3D%3D&trk=public_jobs_jserp-result_search-card
Developpeur Java experimente,ODDO BHF,"Tunis, Tunis, Tunisia",https://tn.linkedin.com/jobs/view/d%C3%A9veloppeur-java-exp%C3%A9riment%C3%A9-at-oddo-bhf-3896475890?position=10&pageNum=3&refId=SDd0mg9Mawp5BHWPV9uiWA%3D%3D&trackingId=tpV0fpbax1Fn6fhVAcdwWA%3D%3D&trk=public_jobs_jserp-result_search-card
Data Engineer (Microsoft Azure),Devoteam Tunisie,"Tunis, Tunis, Tunisia",https://tn.linkedin.com/jobs/view/data-engineer-microsoft-azure-at-devoteam-tunisie-3840901147?position=1&pageNum=4&refId=Hx4TcAWuDHwRF%2FpLYomlWg%3D%3D&trackingId=otK7g2ZNDjjbb0puYa4qnQ%3D%3D&trk=public_jobs_jserp-result_search-card
Developpeur PL/SQL & Talend,ODDO BHF,"Tunis, Tunis, Tunisia",https://tn.linkedin.com/jobs/view/d%C3%A9veloppeur-pl-sql-talend-at-oddo-bhf-3798627235?position=2&pageNum=4&refId=Hx4TcAWuDHwRF%2FpLYomlWg%3D%3D&trackingId=EJuX%2BXzoIeO8vBIJLbi77g%3D%3D&trk=public_jobs_jserp-result_search-card
QA Automation Engineer,Alexa Translations,Tunisia,https://tn.linkedin.com/jobs/view/qa-automation-engineer-at-alexa-translations-3871835173?position=3&pageNum=4&refId=Hx4TcAWuDHwRF%2FpLYomlWg%3D%3D&trackingId=V%2BEfoQbRJ%2B0uqSStgYVYzw%3D%3D&trk=public_jobs_jserp-result_search-card
Poste #3 : Developpeur Full-Stack Mobile (Node JS / React Native),PixiMind,"Sfax, Sfax, Tunisia",https://tn.linkedin.com/jobs/view/poste-%233-d%C3%A9veloppeur-full-stack-mobile-node-js-react-native-at-piximind-3889184703?position=4&pageNum=4&refId=Hx4TcAWuDHwRF%2FpLYomlWg%3D%3D&trackingId=Tkd88oulmRiokAS7%2FHUo7w%3D%3D&trk=public_jobs_jserp-result_search-card
Developpeur Fullstack Angular/Java,Amaris Consulting,"Tunis, Tunisia",https://tn.linkedin.com/jobs/view/d%C3%A9veloppeur-fullstack-angular-java-at-amaris-consulting-3904452992?position=5&pageNum=4&refId=Hx4TcAWuDHwRF%2FpLYomlWg%3D%3D&trackingId=BUhP%2Bp28wmxIeBOp5eRMwg%3D%3D&trk=public_jobs_jserp-result_search-card
Ingenieur Dev-Ops,be-softilys Tunisie,"Tunis, Tunisia",https://tn.linkedin.com/jobs/view/ing%C3%A9nieur-dev-ops-at-be-softilys-tunisie-3770556934?position=6&pageNum=4&refId=Hx4TcAWuDHwRF%2FpLYomlWg%3D%3D&trackingId=BLc4va2wBr3FtvHO%2BTmd4A%3D%3D&trk=public_jobs_jserp-result_search-card
Mobile Android Engineer,Yassir,"Tunis, Tunisia",https://tn.linkedin.com/jobs/view/mobile-android-engineer-at-yassir-3318538771?position=7&pageNum=4&refId=Hx4TcAWuDHwRF%2FpLYomlWg%3D%3D&trackingId=8XYNMNyPZJ9efAS%2BrJnOVw%3D%3D&trk=public_jobs_jserp-result_search-card
.NET confirmed developer,ODDO BHF,"Tunis, Tunis, Tunisia",https://tn.linkedin.com/jobs/view/net-confirmed-developer-at-oddo-bhf-3826770593?position=8&pageNum=4&refId=Hx4TcAWuDHwRF%2FpLYomlWg%3D%3D&trackingId=kePCDoPzEqe3J51srMEzrg%3D%3D&trk=public_jobs_jserp-result_search-card
Data & Analytics Engineer,CBTW IT & Technology / Positive Thinking Company,"Tunis, Tunisia",https://tn.linkedin.com/jobs/view/data-analytics-engineer-at-cbtw-it-technology-positive-thinking-company-3870685035?position=9&pageNum=4&refId=Hx4TcAWuDHwRF%2FpLYomlWg%3D%3D&trackingId=4Z1bO7ZYOEcMqsWgE%2F9%2BrQ%3D%3D&trk=public_jobs_jserp-result_search-card
Python Developer Engineer,ARMA,"Ben Arous, Tunisia",https://tn.linkedin.com/jobs/view/python-developer-engineer-at-arma-3902341306?position=10&pageNum=4&refId=Hx4TcAWuDHwRF%2FpLYomlWg%3D%3D&trackingId=SV3qfgjXg%2BjC9kw79WlV6A%3D%3D&trk=public_jobs_jserp-result_search-card
Developpeur mobile (Android) remuneration 150 a 200 Euro par jours,CLC Talent,Grand Tunis Metropolitan Area,https://tn.linkedin.com/jobs/view/d%C3%A9veloppeur-mobile-android-r%C3%A9mun%C3%A9ration-150-%C3%A0-200-euro-par-jours-at-clc-talent-3902357168?position=1&pageNum=8&refId=9RxENcbf%2BxQ6dJrEM0UUtA%3D%3D&trackingId=Ot4oDu9fRKL%2FGrMANsz4tA%3D%3D&trk=public_jobs_jserp-result_search-card
Senior Developpeur Backend/API  Afrique,Avanty Tunisie,"Tunis, Tunis, Tunisia",https://tn.linkedin.com/jobs/view/senior-d%C3%A9veloppeur-backend-api-%E2%80%93-afrique-at-avanty-tunisie-3899389791?position=2&pageNum=8&refId=9RxENcbf%2BxQ6dJrEM0UUtA%3D%3D&trackingId=QaDHezI9L4jO7o2SgJWTSQ%3D%3D&trk=public_jobs_jserp-result_search-card
Ingenieur logiciel/Ingenieure logiciel,International Information Developments,"Tunis, Tunisia",https://tn.linkedin.com/jobs/view/ing%C3%A9nieur-logiciel-ing%C3%A9nieure-logiciel-at-international-information-developments-3902969885?position=3&pageNum=8&refId=9RxENcbf%2BxQ6dJrEM0UUtA%3D%3D&trackingId=HR4gFbvwF4yP88JBu7EsWA%3D%3D&trk=public_jobs_jserp-result_search-card
Technical Lead - Full Stack Developer,Kuluwak,"Tunis, Tunis, Tunisia",https://tn.linkedin.com/jobs/view/technical-lead-full-stack-developer-at-kuluwak-3834859142?position=4&pageNum=8&refId=9RxENcbf%2BxQ6dJrEM0UUtA%3D%3D&trackingId=4LDNsTF2DaX7woasCaSKQA%3D%3D&trk=public_jobs_jserp-result_search-card
Junior Pricing Analytics Engineer,Pens.com,"Tunis, Tunisia",https://tn.linkedin.com/jobs/view/junior-pricing-analytics-engineer-at-pens-com-3823631425?position=6&pageNum=8&refId=9RxENcbf%2BxQ6dJrEM0UUtA%3D%3D&trackingId=69scs0kGYS06tzzqKrExig%3D%3D&trk=public_jobs_jserp-result_search-card
Lead Developpeur Full-stack - PHP / Vue.js,Devoteam Tunisie,"Tunis, Tunis, Tunisia",https://tn.linkedin.com/jobs/view/lead-d%C3%A9veloppeur-full-stack-php-vue-js-at-devoteam-tunisie-3874364325?position=7&pageNum=8&refId=9RxENcbf%2BxQ6dJrEM0UUtA%3D%3D&trackingId=l6cSLJmEj4wITa07Jloo6A%3D%3D&trk=public_jobs_jserp-result_search-card
Developpeur NESTJS/VUEJS,TSI Tunisie Systemes d'Information,"Ech-Charguia, Tunis, Tunisia",https://tn.linkedin.com/jobs/view/d%C3%A9veloppeur-nestjs-vuejs-at-tsi-tunisie-syst%C3%A8mes-d-information-3905649542?position=8&pageNum=8&refId=9RxENcbf%2BxQ6dJrEM0UUtA%3D%3D&trackingId=ZO6gEOQ6onKhZiTvoieKnw%3D%3D&trk=public_jobs_jserp-result_search-card
Security and Infrastructure Engineer,ODDO BHF,"Tunis, Tunisia",https://tn.linkedin.com/jobs/view/security-and-infrastructure-engineer-at-oddo-bhf-3858524969?position=9&pageNum=8&refId=9RxENcbf%2BxQ6dJrEM0UUtA%3D%3D&trackingId=ARHEQ%2FogUfZtk0wRoTDrGw%3D%3D&trk=public_jobs_jserp-result_search-card
Lead Developpeur Angular,Devoteam Tunisie,"Tunis, Tunis, Tunisia",https://tn.linkedin.com/jobs/view/lead-d%C3%A9veloppeur-angular-at-devoteam-tunisie-3874363348?position=10&pageNum=8&refId=9RxENcbf%2BxQ6dJrEM0UUtA%3D%3D&trackingId=ghgoSZUaqc%2FWMH1F1f3cng%3D%3D&trk=public_jobs_jserp-result_search-card
Webmaster,TALOS.tn,"La Marsa, Tunis, Tunisia",https://tn.linkedin.com/jobs/view/webmaster-at-talos-tn-3903064681?position=1&pageNum=9&refId=SPHCll%2FJa%2B%2BlsEcaUiOV4Q%3D%3D&trackingId=NgVG6nzfiLhkAFNfbR1coQ%3D%3D&trk=public_jobs_jserp-result_search-card
Ingenieur Developpement Java Senior - Tunis,NeoXam Tunisie,"Tunis, Tunisia",https://tn.linkedin.com/jobs/view/ing%C3%A9nieur-d%C3%A9veloppement-java-senior-tunis-at-neoxam-tunisie-3866571434?position=2&pageNum=9&refId=SPHCll%2FJa%2B%2BlsEcaUiOV4Q%3D%3D&trackingId=wTeSGSUchWI5IAgE%2BR7vXg%3D%3D&trk=public_jobs_jserp-result_search-card
Developpeur Full Stack Confirme ( Laravel / Vue Js),Xenius Consulting,"Tunis, Tunis, Tunisia",https://tn.linkedin.com/jobs/view/d%C3%A9veloppeur-full-stack-confirm%C3%A9-laravel-vue-js-at-xenius-consulting-3902356790?position=3&pageNum=9&refId=SPHCll%2FJa%2B%2BlsEcaUiOV4Q%3D%3D&trackingId=BF%2FpVB4yTLx%2Fs0jA5H7HZw%3D%3D&trk=public_jobs_jserp-result_search-card
Senior Android Developer - Kotlin,Cross Border Talents,Tunisia,https://tn.linkedin.com/jobs/view/senior-android-developer-kotlin-at-cross-border-talents-3773992518?position=4&pageNum=9&refId=SPHCll%2FJa%2B%2BlsEcaUiOV4Q%3D%3D&trackingId=kl%2FgxVYrjLrEXBaXmaINeg%3D%3D&trk=public_jobs_jserp-result_search-card
Senior .Net SQL Developer,Linedata,"Tunis, Tunis, Tunisia",https://tn.linkedin.com/jobs/view/senior-net-sql-developer-at-linedata-3849225458?position=5&pageNum=9&refId=SPHCll%2FJa%2B%2BlsEcaUiOV4Q%3D%3D&trackingId=%2F0YJCPRPBE5tg6QvugMSkg%3D%3D&trk=public_jobs_jserp-result_search-card
Embedded Software Technical Lead,Sofiatech,"Tunis, Tunis, Tunisia",https://tn.linkedin.com/jobs/view/embedded-software-technical-lead-at-sofiatech-3877085410?position=6&pageNum=9&refId=SPHCll%2FJa%2B%2BlsEcaUiOV4Q%3D%3D&trackingId=gpeAGP222YIQcN0nkJwzAg%3D%3D&trk=public_jobs_jserp-result_search-card
Technical Lead - Full stack Developper ( H/F),Anywr,"Tunis, Tunis, Tunisia",https://tn.linkedin.com/jobs/view/technical-lead-full-stack-developper-h-f-at-anywr-3877871194?position=7&pageNum=9&refId=SPHCll%2FJa%2B%2BlsEcaUiOV4Q%3D%3D&trackingId=XZ4QieaPQyZDyIpsp5FITg%3D%3D&trk=public_jobs_jserp-result_search-card
Poste #8 : Developpeur Web (WordPress/Prestashop),PixiMind,"Sfax, Sfax, Tunisia",https://tn.linkedin.com/jobs/view/poste-%238-d%C3%A9veloppeur-web-wordpress-prestashop-at-piximind-3889182767?position=8&pageNum=9&refId=SPHCll%2FJa%2B%2BlsEcaUiOV4Q%3D%3D&trackingId=laPzDJ6bNonS0REONe%2BOOw%3D%3D&trk=public_jobs_jserp-result_search-card
Developpeur mobile (Android) remuneration 150 a 200 Euro par jours,CLC Talent,Grand Tunis Metropolitan Area,https://tn.linkedin.com/jobs/view/d%C3%A9veloppeur-mobile-android-r%C3%A9mun%C3%A9ration-150-%C3%A0-200-euro-par-jours-at-clc-talent-3902357168?position=9&pageNum=9&refId=SPHCll%2FJa%2B%2BlsEcaUiOV4Q%3D%3D&trackingId=M2bn2GiO%2FFwX4JrroEhBqw%3D%3D&trk=public_jobs_jserp-result_search-card
Senior Developpeur Backend/API  Afrique,Avanty Tunisie,"Tunis, Tunis, Tunisia",https://tn.linkedin.com/jobs/view/senior-d%C3%A9veloppeur-backend-api-%E2%80%93-afrique-at-avanty-tunisie-3899389791?position=10&pageNum=9&refId=SPHCll%2FJa%2B%2BlsEcaUiOV4Q%3D%3D&trackingId=tmkKeb%2BhRljHLZhNT%2BSWdQ%3D%3D&trk=public_jobs_jserp-result_search-card
Un Ingenieur Integration Devops Senior (F/H),Sofrecom Tunisie,"Tunis, Tunisia",https://tn.linkedin.com/jobs/view/un-ing%C3%A9nieur-int%C3%A9gration-devops-senior-f-h-at-sofrecom-tunisie-3901334026?position=1&pageNum=11&refId=TLGuIJ9J%2FK362AF8sYBRVA%3D%3D&trackingId=c%2F7XJHGqM9hcdTroNgvsLA%3D%3D&trk=public_jobs_jserp-result_search-card
TechLead | Full Stack Spring boot Angular,be-softilys Tunisie,"Tunis, Tunisia",https://tn.linkedin.com/jobs/view/techlead-full-stack-spring-boot-angular-at-be-softilys-tunisie-3762571314?position=2&pageNum=11&refId=TLGuIJ9J%2FK362AF8sYBRVA%3D%3D&trackingId=aLz0ncUim%2B16x%2FBijEvcvw%3D%3D&trk=public_jobs_jserp-result_search-card
Ingenieur systeme infrastructure,Capgemini Engineering,"Tunis, Tunisia",https://tn.linkedin.com/jobs/view/ing%C3%A9nieur-syst%C3%A8me-infrastructure-at-capgemini-engineering-3897726259?position=3&pageNum=11&refId=TLGuIJ9J%2FK362AF8sYBRVA%3D%3D&trackingId=t%2BJwF4S2Z2Y%2F2vOa%2B2099w%3D%3D&trk=public_jobs_jserp-result_search-card
Data Viz Engineer PowerBI,Devoteam Tunisie,"Tunis, Tunis, Tunisia",https://tn.linkedin.com/jobs/view/data-viz-engineer-powerbi-at-devoteam-tunisie-3836165147?position=4&pageNum=11&refId=TLGuIJ9J%2FK362AF8sYBRVA%3D%3D&trackingId=VWyBB2zjccv46jwpSkVZHA%3D%3D&trk=public_jobs_jserp-result_search-card
Senior test engineer with Javascript & NodeJS experience,PIVA Software,"Sfax, Sfax, Tunisia",https://tn.linkedin.com/jobs/view/senior-test-engineer-with-javascript-nodejs-experience-at-piva-software-3882647977?position=5&pageNum=11&refId=TLGuIJ9J%2FK362AF8sYBRVA%3D%3D&trackingId=TCwMwsNBHgXW7jvCNKDrQQ%3D%3D&trk=public_jobs_jserp-result_search-card
Developpeur TYPO3 Senior,W3CODE,Tunisia,https://tn.linkedin.com/jobs/view/d%C3%A9veloppeur-typo3-s%C3%A9nior-at-w3code-3879385645?position=6&pageNum=11&refId=TLGuIJ9J%2FK362AF8sYBRVA%3D%3D&trackingId=%2B%2BNEqyvDVnXEh77oSdA2pg%3D%3D&trk=public_jobs_jserp-result_search-card
Developpeur Power Platform,INGELINE TECHNOLOGIES,"Tunis, Tunisia",https://tn.linkedin.com/jobs/view/d%C3%A9veloppeur-power-platform-at-ingeline-technologies-3881542683?position=7&pageNum=11&refId=TLGuIJ9J%2FK362AF8sYBRVA%3D%3D&trackingId=L5n1vZBzC5JwxkhNxF8wlA%3D%3D&trk=public_jobs_jserp-result_search-card
Senior Embedded Presales Engineer,Capgemini Engineering,"Tunis, Tunisia",https://tn.linkedin.com/jobs/view/senior-embedded-presales-engineer-at-capgemini-engineering-3901329817?position=8&pageNum=11&refId=TLGuIJ9J%2FK362AF8sYBRVA%3D%3D&trackingId=sLSATWYiBEQGurUGUbX1Tw%3D%3D&trk=public_jobs_jserp-result_search-card
.NET Technical Architect (H/F),EY,"Tunis, Tunisia",https://tn.linkedin.com/jobs/view/net-technical-architect-h-f-at-ey-3877239567?position=9&pageNum=11&refId=TLGuIJ9J%2FK362AF8sYBRVA%3D%3D&trackingId=8RmRsfUnIzuZDtTASWlwVg%3D%3D&trk=public_jobs_jserp-result_search-card
Technical Lead .NET/Angular (H/F),EY,"Tunis, Tunisia",https://tn.linkedin.com/jobs/view/technical-lead-net-angular-h-f-at-ey-3877240366?position=10&pageNum=11&refId=TLGuIJ9J%2FK362AF8sYBRVA%3D%3D&trackingId=KbyZsm5TnpgUMfwyaQ3hfA%3D%3D&trk=public_jobs_jserp-result_search-card
Ingenieur Devops,Sopra HR Software,"Tunis, Tunis, Tunisia",https://tn.linkedin.com/jobs/view/ing%C3%A9nieur-devops-at-sopra-hr-software-3824640306?position=2&pageNum=12&refId=8KEcBMRExOfE3x50S%2B%2BFCg%3D%3D&trackingId=RiNXdR4o67IhjhKpFI1Xww%3D%3D&trk=public_jobs_jserp-result_search-card
Senior Software Engineer - Team Lead,Sambac Lab,"Tunis, Tunis, Tunisia",https://tn.linkedin.com/jobs/view/senior-software-engineer-team-lead-at-sambac-lab-3886252224?position=3&pageNum=12&refId=8KEcBMRExOfE3x50S%2B%2BFCg%3D%3D&trackingId=j3XP5%2F3Oh0IXZmuuhItEWQ%3D%3D&trk=public_jobs_jserp-result_search-card
Ingenieur systeme infrastructure/Ingenieure systeme infrastructure,Capgemini Engineering,"Tunis, Tunisia",https://tn.linkedin.com/jobs/view/ing%C3%A9nieur-syst%C3%A8me-infrastructure-ing%C3%A9nieure-syst%C3%A8me-infrastructure-at-capgemini-engineering-3901327946?position=4&pageNum=12&refId=8KEcBMRExOfE3x50S%2B%2BFCg%3D%3D&trackingId=ouoST87ojYbh38OvxHlBMg%3D%3D&trk=public_jobs_jserp-result_search-card
Developpeur(se) confirme(e),Sopra Steria,"Tunis, Tunis, Tunisia",https://tn.linkedin.com/jobs/view/d%C3%A9veloppeur-se-confirm%C3%A9-e-at-sopra-steria-3801919980?position=5&pageNum=12&refId=8KEcBMRExOfE3x50S%2B%2BFCg%3D%3D&trackingId=GimfT3xEhevkaEWChz8tAw%3D%3D&trk=public_jobs_jserp-result_search-card
"Software Developer, Senior (CA)",Infor,"Tunis, Tunisia",https://tn.linkedin.com/jobs/view/software-developer-senior-ca-at-infor-3843047164?position=6&pageNum=12&refId=8KEcBMRExOfE3x50S%2B%2BFCg%3D%3D&trackingId=vwRhB5Og5KNSMEkrattNuw%3D%3D&trk=public_jobs_jserp-result_search-card
Senior Mobile Developer (IOS),Anywr,"Tunis, Tunis, Tunisia",https://tn.linkedin.com/jobs/view/senior-mobile-developer-ios-at-anywr-3876973223?position=7&pageNum=12&refId=8KEcBMRExOfE3x50S%2B%2BFCg%3D%3D&trackingId=%2BPxYTEZ5XR%2Bpyb4YuSov2w%3D%3D&trk=public_jobs_jserp-result_search-card
Senior QA Automation Engineer (F/H),Mobelite Tunisie,"Tunis, Tunis, Tunisia",https://tn.linkedin.com/jobs/view/senior-qa-automation-engineer-f-h-at-mobelite-tunisie-3899307240?position=8&pageNum=12&refId=8KEcBMRExOfE3x50S%2B%2BFCg%3D%3D&trackingId=k8affylZyFnot%2FZkCQQUsA%3D%3D&trk=public_jobs_jserp-result_search-card
"Senior Requirements Engineer (Automotive, Aeronautics and Railway)",Capgemini Engineering,"Tunis, Tunis, Tunisia",https://tn.linkedin.com/jobs/view/senior-requirements-engineer-automotive-aeronautics-and-railway-at-capgemini-engineering-3868097193?position=9&pageNum=12&refId=8KEcBMRExOfE3x50S%2B%2BFCg%3D%3D&trackingId=T%2F5IBzCK8ChQdqw9anLGrw%3D%3D&trk=public_jobs_jserp-result_search-card
Developpeur Front Confirme (Vue.Js/Nuxt Js),Xenius Consulting,"Tunis, Tunis, Tunisia",https://tn.linkedin.com/jobs/view/d%C3%A9veloppeur-front-confirm%C3%A9-vue-js-nuxt-js-at-xenius-consulting-3905865793?position=10&pageNum=12&refId=8KEcBMRExOfE3x50S%2B%2BFCg%3D%3D&trackingId=qXKb6Y2A6Mk7cRRM4FEjnA%3D%3D&trk=public_jobs_jserp-result_search-card
Senior Full Stack Java Developer,Vneuron Risk & Compliance,"Tunis, Tunisia",https://tn.linkedin.com/jobs/view/senior-full-stack-java-developer-at-vneuron-risk-compliance-3837047793?position=1&pageNum=14&refId=f%2FO%2BCV0kZFb8mzxryZKs3Q%3D%3D&trackingId=NgG9tXxTWAHT%2BwmiCo8D9w%3D%3D&trk=public_jobs_jserp-result_search-card
Developpeur Power Platform,INGELINE TECHNOLOGIES,"Tunis, Tunisia",https://tn.linkedin.com/jobs/view/d%C3%A9veloppeur-power-platform-at-ingeline-technologies-3881542683?position=2&pageNum=14&refId=f%2FO%2BCV0kZFb8mzxryZKs3Q%3D%3D&trackingId=yNVnY9oqAu2jyxTFx1qanA%3D%3D&trk=public_jobs_jserp-result_search-card
Senior Embedded Presales Engineer,Capgemini Engineering,"Tunis, Tunisia",https://tn.linkedin.com/jobs/view/senior-embedded-presales-engineer-at-capgemini-engineering-3901329817?position=3&pageNum=14&refId=f%2FO%2BCV0kZFb8mzxryZKs3Q%3D%3D&trackingId=RfKRsktbjhB1CBfg3J1WpA%3D%3D&trk=public_jobs_jserp-result_search-card
Developpeur Magento,Disctech FZE,"Tunis, Tunis, Tunisia",https://tn.linkedin.com/jobs/view/d%C3%A9veloppeur-magento-at-disctech-fze-3874300316?position=4&pageNum=14&refId=f%2FO%2BCV0kZFb8mzxryZKs3Q%3D%3D&trackingId=%2FdS4xsge%2FLPWmMO%2FEnAnCQ%3D%3D&trk=public_jobs_jserp-result_search-card
.NET Technical Architect (H/F),EY,"Tunis, Tunisia",https://tn.linkedin.com/jobs/view/net-technical-architect-h-f-at-ey-3877239567?position=5&pageNum=14&refId=f%2FO%2BCV0kZFb8mzxryZKs3Q%3D%3D&trackingId=4W9oR6iQT5g9RI%2BGfnclIQ%3D%3D&trk=public_jobs_jserp-result_search-card
Technical Lead .NET/Angular (H/F),EY,"Tunis, Tunisia",https://tn.linkedin.com/jobs/view/technical-lead-net-angular-h-f-at-ey-3877240366?position=6&pageNum=14&refId=f%2FO%2BCV0kZFb8mzxryZKs3Q%3D%3D&trackingId=FahySHQxWRd6K%2BvBGtvGcQ%3D%3D&trk=public_jobs_jserp-result_search-card
VBA Software developer,SEGULA Technologies,"Tunis, Tunis, Tunisia",https://tn.linkedin.com/jobs/view/vba-software-developer-at-segula-technologies-3902436712?position=7&pageNum=14&refId=f%2FO%2BCV0kZFb8mzxryZKs3Q%3D%3D&trackingId=TsNPaq7yWESMFAArKfa2hQ%3D%3D&trk=public_jobs_jserp-result_search-card
Team Leader Fullstack Java JEE/Angular,Binit Nearshore Services (BinitNS),"Tunis, Tunisia",https://tn.linkedin.com/jobs/view/team-leader-fullstack-java-jee-angular-at-binit-nearshore-services-binitns-3887058212?position=8&pageNum=14&refId=f%2FO%2BCV0kZFb8mzxryZKs3Q%3D%3D&trackingId=nQicmbh%2FWUT3UxA%2FN3KjYQ%3D%3D&trk=public_jobs_jserp-result_search-card
Remote Technical Lead,Scopic,"Tunis, Tunis, Tunisia",https://tn.linkedin.com/jobs/view/remote-technical-lead-at-scopic-3866314483?position=9&pageNum=14&refId=f%2FO%2BCV0kZFb8mzxryZKs3Q%3D%3D&trackingId=hvWX6Sktb0OA%2BF%2F4h6%2Fr2w%3D%3D&trk=public_jobs_jserp-result_search-card
Techlead en developpement Fullstack springboot/Front Angular - minimum 5 ans experience,SEBAIXIA,"Tunis, Tunis, Tunisia",https://tn.linkedin.com/jobs/view/techlead-en-d%C3%A9veloppement-fullstack-springboot-front-angular-minimum-5-ans-exp%C3%A9rience-at-sebaixia-3899094177?position=10&pageNum=14&refId=f%2FO%2BCV0kZFb8mzxryZKs3Q%3D%3D&trackingId=EgLthT2T0SIJlKU9V6XeRw%3D%3D&trk=public_jobs_jserp-result_search-card
IngAnieur Devops,Sopra Steria,"Tunis, Tunis, Tunisia",https://tn.linkedin.com/jobs/view/ing%C3%A9nieur-devops-at-sopra-steria-3824552010?position=1&pageNum=15&refId=xsRV%2FbAyNhKzegUgZjtpQg%3D%3D&trackingId=9QbXDC7A88DrHcyzc%2FbnKA%3D%3D&trk=public_jobs_jserp-result_search-card
Senior IAM Developer,Security Accent GmbH,"Tunis, Tunis, Tunisia",https://tn.linkedin.com/jobs/view/senior-iam-developer-at-security-accent-gmbh-3769983054?position=2&pageNum=15&refId=xsRV%2FbAyNhKzegUgZjtpQg%3D%3D&trackingId=eugyGCqMH2R8w9pPxnf7gA%3D%3D&trk=public_jobs_jserp-result_search-card
Java Technical Lead,Vneuron Risk & Compliance,"Tunis, Tunisia",https://tn.linkedin.com/jobs/view/java-technical-lead-at-vneuron-risk-compliance-3818422522?position=3&pageNum=15&refId=xsRV%2FbAyNhKzegUgZjtpQg%3D%3D&trackingId=ezU%2F22%2BYraHp7MSNiw6pBw%3D%3D&trk=public_jobs_jserp-result_search-card
Stagiaire DevOps - PFE Y1Y3,Free2move,"Tunis, Tunis, Tunisia",https://tn.linkedin.com/jobs/view/stagiaire-devops-pfe-%F0%9F%87%B9%F0%9F%87%B3-at-free2move-3868483988?position=4&pageNum=15&refId=xsRV%2FbAyNhKzegUgZjtpQg%3D%3D&trackingId=q8abgO0gALc0zvrxSgZLXA%3D%3D&trk=public_jobs_jserp-result_search-card
Team Manager - EMBEDDED SW DEVELOPMENT & TESTS (Automotive Domain),Capgemini Engineering,"Tunis, Tunis, Tunisia",https://tn.linkedin.com/jobs/view/team-manager-embedded-sw-development-tests-automotive-domain-at-capgemini-engineering-3869763167?position=5&pageNum=15&refId=xsRV%2FbAyNhKzegUgZjtpQg%3D%3D&trackingId=8J1MJ9Ov19l%2BxmHb1BRhAA%3D%3D&trk=public_jobs_jserp-result_search-card
SRE / SecOps Engineer,Vneuron Risk & Compliance,"Tunis, Tunisia",https://tn.linkedin.com/jobs/view/sre-secops-engineer-at-vneuron-risk-compliance-3837053036?position=6&pageNum=15&refId=xsRV%2FbAyNhKzegUgZjtpQg%3D%3D&trackingId=Yxfc15jx9vEZiQqxrRU1ew%3D%3D&trk=public_jobs_jserp-result_search-card
Senior Software Support L1/L2,Linedata,"Tunis, Tunisia",https://tn.linkedin.com/jobs/view/senior-software-support-l1-l2-at-linedata-3897158842?position=7&pageNum=15&refId=xsRV%2FbAyNhKzegUgZjtpQg%3D%3D&trackingId=k2sO9rML8K4dFXwUDOIgQg%3D%3D&trk=public_jobs_jserp-result_search-card
Enseignant(e) en anglais,Choisir le QuAbec,Tunisia,https://tn.linkedin.com/jobs/view/enseignant-e-en-anglais-at-choisir-le-qu%C3%A9bec-3859900496?position=9&pageNum=15&refId=xsRV%2FbAyNhKzegUgZjtpQg%3D%3D&trackingId=9nYUI2hKEpEfR%2BYw15fYiA%3D%3D&trk=public_jobs_jserp-result_search-card
Team Lead WordPress Expert/ Senior Front-End Developer / PHP Developer,Zerda Digital,"Tunis, Tunis, Tunisia",https://tn.linkedin.com/jobs/view/team-lead-wordpress-expert-senior-front-end-developer-php-developer-at-zerda-digital-3896183159?position=10&pageNum=15&refId=xsRV%2FbAyNhKzegUgZjtpQg%3D%3D&trackingId=cgR5GEVK3%2Bgqu%2F4KnP0p4g%3D%3D&trk=public_jobs_jserp-result_search-card
